Model File,Model,Classification Accuracy,Balanced Accuracy,Disparate Impact,Equal Opportunity Difference,Average Odds Difference,Precision,Recall,F1
GC-4.keras,Plain Model,0.6933333333333334,0.5,1.0,0.0,0.0,0.3466666666666667,0.5,0.4094488188976378
GC-4.keras,Debiased Model,0.6933333333333334,0.5,1.0,0.0,0.0,0.3466666666666667,0.5,0.4094488188976378
GC-5.keras,Plain Model,0.6933333333333334,0.5,1.0,0.0,0.0,0.3466666666666667,0.5,0.4094488188976378
GC-5.keras,Debiased Model,0.6933333333333334,0.5,1.0,0.0,0.0,0.3466666666666667,0.5,0.4094488188976378
GC-4.keras,Plain Model,0.6933333333333334,0.5,1.0,0.0,0.0,0.3466666666666667,0.5,0.4094488188976378
GC-4.keras,Debiased Model,0.6933333333333334,0.5,1.0,0.0,0.0,0.3466666666666667,0.5,0.4094488188976378
GC-5.keras,Plain Model,0.6933333333333334,0.5,1.0,0.0,0.0,0.3466666666666667,0.5,0.4094488188976378
GC-5.keras,Debiased Model,0.6933333333333334,0.5,1.0,0.0,0.0,0.3466666666666667,0.5,0.4094488188976378
